customer_id,signup_date,country,acquisition_channel,first_purchase_date
100845,2025-08-01,US,email,
101481,2025-08-01,NG,organic,2025-11-09
100772,2025-08-01,US,organic,2025-08-15
101948,2025-08-01,NL,organic,2025-10-21
101487,2025-08-01,CA,paid_search,
100380,2025-08-01,NG,paid_social,
101236,2025-08-01,NG,paid_social,
100900,2025-08-01,US,paid_search,
101738,2025-08-01,UK,paid_search,2025-08-26
101912,2025-08-01,NG,paid_social,2025-08-03
101549,2025-08-01,NG,paid_social,
101293,2025-08-01,NG,referral,
101408,2025-08-01,NG,direct,
101995,2025-08-01,NG,paid_social,
101621,2025-08-01,NL,direct,
100103,2025-08-02,CA,organic,
101278,2025-08-02,CA,paid_social,2025-09-25
100464,2025-08-02,US,organic,
100706,2025-08-02,NG,paid_social,
100844,2025-08-02,NG,direct,2026-01-28
101762,2025-08-02,NG,direct,
100302,2025-08-02,UK,paid_social,
101189,2025-08-02,NL,email,
101069,2025-08-02,NG,paid_search,2025-11-16
101174,2025-08-02,NG,organic,
100574,2025-08-02,NG,paid_social,
101806,2025-08-02,NG,paid_social,
101531,2025-08-02,US,paid_social,2025-10-10
100409,2025-08-03,UK,paid_search,
100838,2025-08-03,UK,organic,
101681,2025-08-03,CA,paid_search,2025-11-06
100888,2025-08-03,CA,direct,
101037,2025-08-03,NG,organic,2026-01-26
100800,2025-08-03,US,paid_search,2025-10-01
100789,2025-08-03,NG,organic,
101120,2025-08-03,NG,direct,
101365,2025-08-04,US,paid_search,2026-01-25
100299,2025-08-04,NG,paid_search,
100414,2025-08-04,NG,paid_social,
101593,2025-08-04,NG,paid_search,
100477,2025-08-04,FR,direct,
100539,2025-08-04,NG,paid_social,
101528,2025-08-04,CA,paid_social,
100232,2025-08-04,NG,email,2025-10-11
101623,2025-08-04,NL,direct,
101651,2025-08-04,NG,organic,
100453,2025-08-05,NL,paid_search,
101743,2025-08-05,UK,paid_social,
101782,2025-08-05,US,direct,2025-11-01
100428,2025-08-05,UK,direct,
101179,2025-08-05,NL,direct,2025-08-25
100368,2025-08-05,NG,paid_search,
101166,2025-08-05,DE,paid_search,
100271,2025-08-05,NG,referral,
101398,2025-08-05,NG,paid_search,2026-01-23
100169,2025-08-05,NG,organic,2025-08-17
100820,2025-08-05,NL,organic,
101535,2025-08-06,US,paid_search,
101492,2025-08-06,NG,direct,2026-01-24
100384,2025-08-06,NL,paid_search,
100137,2025-08-06,NG,paid_search,
101943,2025-08-06,NG,direct,2025-09-28
100829,2025-08-06,NG,organic,
101299,2025-08-06,UK,organic,2025-11-19
100786,2025-08-06,NG,direct,
101589,2025-08-06,NG,direct,
101868,2025-08-06,NL,email,
100146,2025-08-07,UK,organic,
101265,2025-08-07,NG,email,
101445,2025-08-07,US,email,
100843,2025-08-07,NL,organic,
100327,2025-08-07,US,organic,
100662,2025-08-07,UK,direct,
100116,2025-08-07,NG,paid_search,
101908,2025-08-07,NL,organic,2025-10-19
101682,2025-08-07,NG,organic,2026-01-09
100969,2025-08-07,NG,paid_search,
101239,2025-08-08,NG,organic,2025-11-26
101451,2025-08-08,UK,direct,
100249,2025-08-08,NL,email,
101098,2025-08-08,NG,organic,
100561,2025-08-08,US,email,2026-01-28
100816,2025-08-08,UK,email,
100869,2025-08-08,CA,email,
101870,2025-08-08,US,email,2025-11-24
100901,2025-08-08,NG,organic,
101018,2025-08-08,US,paid_search,
100351,2025-08-09,CA,paid_search,
101525,2025-08-09,NG,referral,
101517,2025-08-09,NG,paid_social,
101462,2025-08-09,NG,paid_social,
100810,2025-08-09,NG,referral,
101269,2025-08-09,CA,organic,
100055,2025-08-09,US,email,
100396,2025-08-09,NG,paid_search,
101805,2025-08-09,NG,organic,
101109,2025-08-09,NG,email,
101780,2025-08-09,NG,paid_social,2025-08-05
101641,2025-08-10,UK,paid_search,
101463,2025-08-10,US,direct,
100545,2025-08-10,NG,email,2025-11-03
100886,2025-08-10,NG,direct,
101285,2025-08-10,NG,paid_search,
100583,2025-08-10,NG,organic,
101975,2025-08-10,CA,paid_social,
100847,2025-08-10,US,organic,2025-09-30
100573,2025-08-10,CA,email,
101452,2025-08-10,US,organic,2026-01-02
101652,2025-08-10,CA,paid_search,
101982,2025-08-10,NG,paid_social,2025-10-13
100698,2025-08-10,NL,paid_search,2025-08-21
101800,2025-08-11,FR,email,
100541,2025-08-11,NG,referral,
100149,2025-08-11,DE,paid_search,
101025,2025-08-11,NG,direct,2025-12-21
100857,2025-08-11,NG,email,
101020,2025-08-11,US,paid_social,
101266,2025-08-11,UK,email,
100897,2025-08-11,NG,paid_social,
101978,2025-08-11,UK,organic,
101135,2025-08-11,NG,paid_search,
101410,2025-08-12,US,paid_social,
100618,2025-08-12,FR,paid_social,
101469,2025-08-12,NG,paid_social,
100035,2025-08-12,US,organic,
101888,2025-08-12,NG,paid_social,
101350,2025-08-12,NG,paid_search,
100278,2025-08-12,CA,paid_social,2025-12-25
101614,2025-08-12,NG,paid_social,2025-08-11
101361,2025-08-13,NG,referral,
100517,2025-08-13,NL,paid_search,
100898,2025-08-13,NG,paid_search,
100386,2025-08-13,UK,referral,
101768,2025-08-13,CA,paid_search,
101455,2025-08-13,NG,paid_social,
101034,2025-08-13,NG,paid_search,
100044,2025-08-13,NG,organic,2025-08-26
100658,2025-08-14,NG,direct,
101952,2025-08-14,NG,paid_social,
101833,2025-08-14,CA,organic,
101214,2025-08-14,NL,referral,
101910,2025-08-14,UK,paid_search,
101252,2025-08-14,NG,paid_search,
101021,2025-08-14,NG,paid_search,2025-10-03
101587,2025-08-15,NG,direct,2026-01-05
100216,2025-08-15,NG,paid_social,
100068,2025-08-15,NG,organic,
100126,2025-08-15,NG,referral,2025-09-03
101095,2025-08-15,NG,paid_social,
101570,2025-08-15,NG,paid_social,
100438,2025-08-15,NL,paid_search,
101054,2025-08-15,NG,organic,2026-01-03
101026,2025-08-15,CA,organic,2025-09-30
100677,2025-08-16,NG,referral,
101255,2025-08-16,NG,paid_search,2025-08-30
101327,2025-08-16,NG,organic,
100880,2025-08-16,NG,organic,
101360,2025-08-16,CA,paid_social,
101121,2025-08-16,NG,organic,
100752,2025-08-16,DE,email,
100430,2025-08-16,NL,referral,
100245,2025-08-16,NG,referral,2025-08-09
100279,2025-08-16,US,paid_search,
100006,2025-08-16,NL,referral,
101850,2025-08-16,NG,paid_search,2025-10-08
100000,2025-08-17,NG,organic,
100727,2025-08-17,CA,paid_social,
100195,2025-08-17,NG,paid_social,
100825,2025-08-17,NG,referral,2026-01-08
100032,2025-08-17,NG,paid_social,
101632,2025-08-17,DE,paid_social,
101542,2025-08-17,NG,direct,
100909,2025-08-17,DE,organic,2025-10-17
100694,2025-08-17,US,organic,
101930,2025-08-17,US,organic,2025-10-18
101530,2025-08-17,US,organic,
100171,2025-08-17,UK,organic,
100358,2025-08-17,US,organic,
101808,2025-08-17,NG,email,
100132,2025-08-17,NG,paid_search,2025-09-15
101720,2025-08-17,NG,email,
101841,2025-08-18,NG,email,
100375,2025-08-18,NG,email,
100950,2025-08-18,NL,email,
100086,2025-08-18,UK,paid_search,2026-01-04
100242,2025-08-18,NG,direct,2025-08-13
100790,2025-08-18,UK,paid_social,2025-12-18
100976,2025-08-18,NG,paid_search,
100217,2025-08-18,US,paid_search,
101689,2025-08-18,NG,organic,
100009,2025-08-18,NG,organic,2025-08-18
100673,2025-08-18,NG,paid_social,2025-08-09
100699,2025-08-18,UK,email,
100580,2025-08-18,DE,organic,
100587,2025-08-19,US,email,
101449,2025-08-19,US,paid_search,
101787,2025-08-19,NG,organic,2025-11-04
101879,2025-08-19,NG,paid_social,2025-10-03
101435,2025-08-19,NL,referral,2025-08-27
100890,2025-08-19,NG,paid_search,
101358,2025-08-19,FR,email,
101737,2025-08-19,NG,paid_search,
101288,2025-08-19,NG,direct,
100579,2025-08-19,DE,paid_search,
100309,2025-08-20,NL,paid_search,2025-10-08
100170,2025-08-20,NG,direct,
100515,2025-08-20,NG,organic,
101854,2025-08-20,UK,paid_search,
100582,2025-08-20,NG,paid_social,
100459,2025-08-20,NG,organic,2025-10-14
101165,2025-08-20,NG,paid_social,2025-08-17
100257,2025-08-20,CA,paid_social,2025-11-28
100321,2025-08-20,NG,email,2026-01-14
101826,2025-08-20,NG,paid_search,2025-11-01
101729,2025-08-20,DE,paid_social,
101226,2025-08-20,UK,organic,
100817,2025-08-20,NG,paid_social,
101578,2025-08-21,NG,email,
101271,2025-08-21,US,email,2025-08-26
101215,2025-08-21,NG,paid_search,2025-09-24
101815,2025-08-21,US,paid_search,
100479,2025-08-21,NG,referral,2025-11-18
101866,2025-08-21,NG,paid_social,
101537,2025-08-21,NG,direct,2025-12-10
100872,2025-08-21,FR,paid_search,
101465,2025-08-21,UK,paid_search,
101483,2025-08-21,NG,paid_social,
100807,2025-08-21,NG,organic,2025-08-05
100500,2025-08-21,US,paid_social,2025-09-22
101488,2025-08-21,NG,paid_social,2025-08-21
101019,2025-08-22,NG,organic,
100725,2025-08-22,NG,organic,
100312,2025-08-22,US,referral,
100777,2025-08-22,NG,paid_search,
101320,2025-08-22,NG,organic,2025-12-08
101342,2025-08-22,UK,referral,
100945,2025-08-22,NL,direct,
101945,2025-08-22,NG,organic,
100364,2025-08-22,NG,paid_social,2025-08-01
100119,2025-08-22,DE,paid_social,
100537,2025-08-22,UK,referral,2025-11-22
100496,2025-08-22,CA,organic,
100197,2025-08-22,US,paid_search,
100782,2025-08-23,NG,direct,
100783,2025-08-23,NG,paid_social,
100862,2025-08-23,FR,organic,2025-10-12
100435,2025-08-23,FR,referral,
101875,2025-08-23,NG,referral,
100723,2025-08-23,US,email,
100417,2025-08-23,NG,organic,
101156,2025-08-23,NG,direct,
100385,2025-08-23,NG,organic,2025-09-10
101237,2025-08-23,NG,direct,
100873,2025-08-23,FR,paid_search,
101604,2025-08-23,NG,organic,
101049,2025-08-23,NG,organic,2025-09-09
101618,2025-08-23,CA,email,2025-11-08
101629,2025-08-24,NG,paid_social,2025-10-08
100944,2025-08-24,CA,paid_search,
101927,2025-08-24,US,email,2025-12-25
100220,2025-08-24,NG,paid_social,
101004,2025-08-24,NG,referral,2025-11-20
100758,2025-08-24,DE,direct,
100704,2025-08-24,NG,paid_search,
100156,2025-08-24,NG,paid_search,
100073,2025-08-24,NL,organic,
101804,2025-08-24,NG,organic,2026-01-01
100017,2025-08-24,CA,paid_search,2025-11-09
101609,2025-08-24,NG,direct,
101894,2025-08-25,FR,organic,
100603,2025-08-25,CA,paid_social,2025-12-23
100413,2025-08-25,NL,paid_search,
101925,2025-08-25,US,paid_social,2025-08-01
101775,2025-08-25,NG,paid_search,
100947,2025-08-25,NL,paid_search,
100433,2025-08-25,NG,paid_social,
100669,2025-08-25,CA,referral,2025-09-24
101818,2025-08-25,NG,referral,
100442,2025-08-25,NG,paid_search,
101644,2025-08-25,NG,paid_social,
101357,2025-08-25,NG,paid_social,
101444,2025-08-26,NG,paid_search,
100328,2025-08-26,NG,email,
101835,2025-08-26,US,organic,2025-10-09
100099,2025-08-26,NG,paid_search,
100461,2025-08-26,NG,organic,
100305,2025-08-26,NL,paid_search,
100240,2025-08-26,CA,direct,2025-09-27
100822,2025-08-26,NG,referral,
101527,2025-08-26,DE,organic,
100768,2025-08-26,NG,organic,
100117,2025-08-26,UK,organic,
101341,2025-08-26,NG,paid_search,
100619,2025-08-26,NG,direct,
100720,2025-08-26,NG,organic,
100681,2025-08-26,CA,paid_search,2025-11-23
101962,2025-08-27,NG,email,
101186,2025-08-27,CA,paid_search,2025-12-22
100527,2025-08-27,NG,paid_search,2025-09-15
100923,2025-08-27,NG,direct,2025-08-13
101089,2025-08-27,NG,paid_search,
100833,2025-08-27,NG,email,2025-12-20
101611,2025-08-27,CA,paid_social,
101934,2025-08-27,US,organic,
100521,2025-08-27,NG,direct,
101062,2025-08-27,NG,paid_search,
100255,2025-08-27,CA,organic,
100407,2025-08-27,NG,paid_social,
101103,2025-08-28,NL,paid_social,
100356,2025-08-28,NG,referral,
100272,2025-08-28,NG,organic,
100974,2025-08-28,NG,paid_search,
101523,2025-08-28,US,direct,
101697,2025-08-28,NG,email,
101480,2025-08-28,NG,email,2026-01-04
100937,2025-08-28,US,organic,
101606,2025-08-28,US,direct,
100456,2025-08-28,NG,direct,
101676,2025-08-28,NG,paid_search,
100751,2025-08-28,NG,email,2025-09-30
101574,2025-08-28,NG,organic,2026-01-20
101405,2025-08-29,NG,referral,2025-12-05
100057,2025-08-29,NG,paid_search,2025-08-12
100960,2025-08-29,US,paid_social,
100883,2025-08-29,UK,email,2025-12-28
100389,2025-08-29,NG,paid_social,
101946,2025-08-29,NG,referral,
100532,2025-08-29,US,email,2025-08-29
101045,2025-08-29,NG,paid_social,2025-10-01
100535,2025-08-29,NG,organic,2026-01-01
101969,2025-08-29,NG,organic,
100181,2025-08-29,NG,paid_social,
100846,2025-08-29,NG,organic,
101536,2025-08-29,UK,organic,2025-09-16
101654,2025-08-29,NG,paid_social,2025-09-22
101228,2025-08-29,NG,referral,
101694,2025-08-30,DE,paid_social,2025-08-09
101777,2025-08-30,NG,paid_search,
100749,2025-08-30,NG,paid_search,
100082,2025-08-30,NL,organic,
101907,2025-08-30,NG,paid_search,
100936,2025-08-30,NG,paid_social,
101486,2025-08-30,UK,organic,
100286,2025-08-30,NG,organic,
101853,2025-08-30,NG,paid_search,2025-10-11
101555,2025-08-30,US,organic,2025-11-22
100177,2025-08-30,NG,paid_social,
101849,2025-08-31,NG,organic,
100702,2025-08-31,NG,referral,2025-12-22
100466,2025-08-31,NG,organic,2025-08-18
101636,2025-08-31,NG,paid_social,
100531,2025-08-31,NG,paid_search,
100622,2025-08-31,CA,email,
101595,2025-08-31,DE,direct,
101940,2025-08-31,FR,direct,2026-01-16
100167,2025-08-31,NG,paid_search,
100186,2025-08-31,NG,organic,
100349,2025-08-31,NG,paid_social,2025-10-14
101075,2025-08-31,NG,paid_social,2025-11-28
101077,2025-08-31,NG,referral,2025-08-20
101935,2025-08-31,NG,paid_search,
100040,2025-08-31,NG,paid_social,
100907,2025-09-01,NG,direct,
100703,2025-09-01,US,organic,2025-08-30
100684,2025-09-01,NG,paid_search,
101615,2025-09-01,NG,paid_social,2025-10-17
100261,2025-09-01,NG,organic,
101031,2025-09-01,NG,paid_social,
101192,2025-09-01,UK,referral,2025-11-23
101432,2025-09-01,US,organic,2025-11-30
100543,2025-09-02,NG,paid_social,2025-12-09
100660,2025-09-02,NG,paid_search,2025-08-05
101882,2025-09-02,NG,organic,2025-09-30
101404,2025-09-02,CA,email,
100410,2025-09-02,CA,organic,
100391,2025-09-02,CA,organic,
101701,2025-09-02,NG,email,2026-01-13
101173,2025-09-02,NG,paid_social,
100258,2025-09-02,NG,referral,2025-11-07
100229,2025-09-02,NG,email,
100760,2025-09-02,NG,direct,
100911,2025-09-03,NG,email,
100250,2025-09-03,NG,direct,
100022,2025-09-03,FR,email,
101105,2025-09-03,UK,paid_search,
100634,2025-09-03,FR,referral,2025-10-03
100468,2025-09-03,UK,paid_social,2025-08-07
100563,2025-09-03,DE,paid_search,2025-11-23
101885,2025-09-03,NG,organic,
101638,2025-09-03,CA,paid_search,2025-09-18
101928,2025-09-03,NG,organic,2025-11-02
100348,2025-09-03,NG,organic,
100252,2025-09-04,NG,paid_social,2025-12-10
101797,2025-09-04,NG,email,
101325,2025-09-04,FR,referral,
101890,2025-09-04,NG,paid_social,2025-09-24
101344,2025-09-04,UK,organic,2025-08-21
101959,2025-09-04,DE,organic,
100071,2025-09-04,US,direct,
101662,2025-09-04,NG,email,
101650,2025-09-04,FR,organic,
101431,2025-09-04,UK,direct,
101533,2025-09-04,NG,email,2025-08-15
100887,2025-09-05,NG,organic,
100051,2025-09-05,NG,paid_search,
100522,2025-09-05,DE,paid_search,
101112,2025-09-05,NG,organic,
101114,2025-09-05,NG,organic,
100542,2025-09-05,NG,direct,
101522,2025-09-05,NG,organic,
101177,2025-09-05,CA,direct,
101703,2025-09-06,CA,paid_social,
100425,2025-09-06,NG,referral,
100837,2025-09-06,NG,paid_search,2025-09-20
100992,2025-09-06,NG,paid_search,
101786,2025-09-06,US,paid_social,
101084,2025-09-06,US,referral,
100397,2025-09-06,DE,paid_search,
100101,2025-09-06,NG,paid_search,
101769,2025-09-06,FR,organic,
101795,2025-09-07,US,paid_search,
100663,2025-09-07,NG,organic,
101739,2025-09-07,US,organic,
100871,2025-09-07,NG,paid_search,
100652,2025-09-07,NG,paid_social,
100338,2025-09-07,DE,paid_social,2025-12-08
100223,2025-09-07,US,organic,
101363,2025-09-07,DE,direct,
100008,2025-09-07,UK,paid_search,
100734,2025-09-08,CA,paid_search,2025-12-03
101987,2025-09-08,NG,paid_search,
101988,2025-09-08,NG,direct,
101871,2025-09-08,NG,paid_social,2025-09-06
101071,2025-09-08,NG,organic,
101473,2025-09-08,NG,paid_search,
101744,2025-09-08,NG,paid_search,
101939,2025-09-08,NG,paid_search,
100141,2025-09-09,UK,paid_search,
101581,2025-09-09,CA,organic,
101709,2025-09-09,US,paid_social,
101394,2025-09-09,US,paid_social,2025-09-09
101256,2025-09-10,DE,paid_search,
101838,2025-09-10,NG,paid_search,2025-08-16
100902,2025-09-10,CA,organic,
100963,2025-09-10,NG,paid_social,
101354,2025-09-10,NG,direct,
100031,2025-09-11,UK,paid_search,
100975,2025-09-11,NG,paid_search,
100077,2025-09-11,NG,organic,
101511,2025-09-11,NG,email,2025-08-24
100362,2025-09-11,US,referral,
100566,2025-09-11,NG,direct,
101111,2025-09-12,NG,organic,
100485,2025-09-12,NG,organic,
101655,2025-09-12,NL,direct,
101478,2025-09-12,NG,organic,2025-08-12
100625,2025-09-12,UK,referral,
101876,2025-09-12,NG,paid_social,2025-12-03
101290,2025-09-12,FR,paid_search,2025-08-31
101544,2025-09-12,NG,paid_social,
101502,2025-09-12,NL,organic,
100411,2025-09-12,FR,paid_search,
100325,2025-09-12,DE,organic,2025-08-12
101385,2025-09-13,UK,direct,
100326,2025-09-13,NG,paid_social,
101608,2025-09-13,US,paid_search,2025-08-18
101307,2025-09-13,NG,paid_social,
100565,2025-09-13,NG,organic,2025-12-01
100188,2025-09-13,NG,paid_search,
101816,2025-09-13,NG,paid_social,2025-10-13
100853,2025-09-13,UK,paid_social,2025-09-22
100147,2025-09-13,CA,organic,2025-08-02
100636,2025-09-13,NG,organic,
101287,2025-09-13,UK,paid_search,2025-09-11
100509,2025-09-13,UK,paid_social,
100718,2025-09-13,US,direct,
101264,2025-09-13,US,organic,
100592,2025-09-14,NL,organic,
101401,2025-09-14,UK,organic,2025-09-08
101541,2025-09-14,NG,paid_search,
100096,2025-09-14,NG,paid_search,
101708,2025-09-14,NG,paid_search,
101250,2025-09-14,NG,paid_social,
100314,2025-09-14,NG,paid_social,
101785,2025-09-14,US,direct,
101123,2025-09-14,NG,paid_social,
100383,2025-09-14,FR,referral,
100831,2025-09-14,NL,organic,
101106,2025-09-14,UK,organic,
101046,2025-09-14,NG,paid_social,
101505,2025-09-14,NG,paid_social,
100988,2025-09-15,FR,direct,2025-10-17
100507,2025-09-15,NG,organic,
101012,2025-09-15,NG,direct,2025-10-30
100118,2025-09-15,NG,paid_social,
101562,2025-09-15,UK,paid_social,
101810,2025-09-15,NG,email,2025-08-23
101891,2025-09-15,FR,paid_social,2025-10-22
100924,2025-09-15,NG,paid_search,
100856,2025-09-15,NG,organic,2026-01-15
101903,2025-09-15,FR,direct,
101453,2025-09-15,UK,organic,
101905,2025-09-15,US,referral,
101514,2025-09-15,NG,paid_search,
100830,2025-09-15,NG,email,2025-08-12
100567,2025-09-15,NG,email,
100616,2025-09-15,NG,paid_social,
101412,2025-09-16,NG,organic,
101659,2025-09-16,NG,paid_search,
101817,2025-09-16,US,email,
101561,2025-09-16,US,paid_social,
100918,2025-09-16,US,organic,
101851,2025-09-16,NG,organic,2025-12-11
100695,2025-09-16,NG,email,
101941,2025-09-16,NG,paid_search,
100482,2025-09-16,US,organic,
101306,2025-09-16,NG,referral,
101178,2025-09-17,NG,organic,
101803,2025-09-17,US,email,
100345,2025-09-17,US,organic,2025-11-03
101501,2025-09-17,US,email,
101424,2025-09-17,DE,referral,2025-11-18
100932,2025-09-17,UK,email,
101296,2025-09-18,UK,email,
101620,2025-09-18,DE,paid_search,2025-10-30
101700,2025-09-18,US,direct,
100379,2025-09-18,NG,direct,
100205,2025-09-18,NG,paid_social,
100208,2025-09-18,NG,paid_search,2025-12-03
101260,2025-09-18,US,direct,
101881,2025-09-18,NG,referral,2025-08-12
101458,2025-09-18,NG,paid_search,
100210,2025-09-18,UK,paid_social,
101428,2025-09-19,US,paid_social,2025-08-19
101122,2025-09-19,NG,direct,2025-11-03
100743,2025-09-19,NL,email,
100617,2025-09-19,US,paid_search,
100508,2025-09-19,NG,organic,
100889,2025-09-19,NG,paid_social,
101010,2025-09-19,NG,paid_social,2025-09-09
101672,2025-09-19,NG,paid_search,
100291,2025-09-19,US,organic,2025-11-26
100778,2025-09-19,NG,organic,
100110,2025-09-20,NG,paid_social,
100280,2025-09-20,NG,organic,
100038,2025-09-20,NG,paid_search,2025-08-22
101639,2025-09-20,NG,paid_social,2025-12-20
101490,2025-09-20,NL,referral,
100142,2025-09-20,CA,direct,2025-09-08
100215,2025-09-20,NG,organic,2025-11-29
100504,2025-09-20,CA,organic,2025-10-30
101321,2025-09-20,NG,referral,
100949,2025-09-21,NL,paid_social,2025-08-18
101793,2025-09-21,FR,direct,
101191,2025-09-21,US,organic,
101916,2025-09-21,NG,organic,
100572,2025-09-21,US,paid_social,
101550,2025-09-21,NG,paid_search,2026-01-30
101998,2025-09-21,FR,paid_social,
101027,2025-09-21,NG,organic,2025-12-05
101999,2025-09-21,NG,organic,2025-12-01
100412,2025-09-21,CA,email,
100151,2025-09-21,DE,referral,
100398,2025-09-21,US,organic,
100313,2025-09-21,NG,organic,2025-08-25
101409,2025-09-22,NL,paid_search,
101381,2025-09-22,NG,paid_social,
100854,2025-09-22,CA,organic,2025-12-12
101992,2025-09-22,NG,organic,
100449,2025-09-22,NG,organic,
100813,2025-09-22,NG,paid_search,2025-09-17
101208,2025-09-22,NG,email,
100480,2025-09-22,NG,email,2025-11-06
100298,2025-09-22,UK,email,2025-11-14
100533,2025-09-22,UK,paid_search,
100840,2025-09-23,NG,organic,
101113,2025-09-23,US,email,2025-08-22
101229,2025-09-23,US,paid_social,2025-10-23
100341,2025-09-23,CA,organic,2025-10-14
101482,2025-09-23,NG,organic,
100095,2025-09-23,NG,paid_search,
100659,2025-09-23,NG,paid_search,
101560,2025-09-23,US,direct,
100494,2025-09-23,NG,paid_search,2025-12-02
100637,2025-09-24,NL,paid_search,
101580,2025-09-24,NG,organic,
101819,2025-09-24,NL,referral,
101861,2025-09-24,NG,direct,2025-10-15
100153,2025-09-24,NG,paid_search,
101337,2025-09-24,NG,paid_search,
100270,2025-09-24,FR,direct,
101906,2025-09-24,NL,direct,
101238,2025-09-24,NG,referral,2025-08-21
100418,2025-09-24,DE,paid_search,2026-01-25
100795,2025-09-24,NG,organic,2025-10-22
101645,2025-09-24,DE,direct,
100352,2025-09-24,NG,paid_search,
100970,2025-09-24,NG,direct,2025-11-03
101450,2025-09-24,US,organic,
101366,2025-09-25,NG,email,
101475,2025-09-25,NG,organic,2025-08-11
100262,2025-09-25,NG,paid_search,2025-11-28
101315,2025-09-25,NG,organic,
101399,2025-09-25,US,organic,2025-08-12
101402,2025-09-25,UK,paid_search,2025-11-20
100801,2025-09-25,US,paid_search,
100306,2025-09-25,US,paid_search,
101600,2025-09-25,NG,organic,
101822,2025-09-25,NG,organic,2025-08-27
100927,2025-09-25,UK,organic,2025-10-07
100135,2025-09-25,NG,organic,
100189,2025-09-25,US,paid_social,2025-08-25
100441,2025-09-25,NG,paid_search,2025-12-03
101778,2025-09-26,NG,paid_social,2025-08-06
101390,2025-09-26,US,paid_search,
101154,2025-09-26,US,referral,2025-10-11
100225,2025-09-26,DE,organic,
101837,2025-09-26,NG,paid_search,
100951,2025-09-26,NG,direct,
100238,2025-09-26,NG,paid_social,
101104,2025-09-26,US,direct,2025-09-05
101185,2025-09-26,NG,organic,
100087,2025-09-27,UK,email,
100446,2025-09-27,DE,organic,
100748,2025-09-27,NG,paid_social,
100747,2025-09-27,NG,direct,2025-11-24
100525,2025-09-27,NG,email,
101059,2025-09-27,NG,organic,
100399,2025-09-27,NG,organic,
101033,2025-09-27,NG,referral,
100332,2025-09-27,NG,paid_search,
101461,2025-09-27,US,paid_social,
101820,2025-09-27,NG,organic,
101013,2025-09-27,NG,paid_search,
100524,2025-09-28,UK,email,
101585,2025-09-28,NG,organic,
100987,2025-09-28,US,email,
100367,2025-09-28,NG,organic,
101575,2025-09-28,US,paid_search,2025-11-28
101176,2025-09-28,NG,organic,
100553,2025-09-28,NG,email,
101526,2025-09-28,DE,organic,2026-01-30
100798,2025-09-28,US,paid_social,
100402,2025-09-28,NL,referral,2025-11-05
100337,2025-09-28,US,direct,
101755,2025-09-28,UK,referral,2025-11-12
100308,2025-09-28,NG,referral,
101603,2025-09-28,UK,organic,
101434,2025-09-28,US,referral,2025-10-07
101438,2025-09-28,NG,paid_social,
100967,2025-09-28,CA,paid_search,
101248,2025-09-29,NG,paid_search,2025-11-21
100166,2025-09-29,CA,paid_search,
100594,2025-09-29,CA,paid_search,
100606,2025-09-29,NL,paid_search,
101503,2025-09-29,CA,email,
101949,2025-09-29,DE,organic,2025-11-20
100065,2025-09-29,FR,email,2025-12-26
101403,2025-09-29,DE,paid_social,2025-12-09
100320,2025-09-29,NG,paid_search,
101387,2025-09-29,NG,paid_search,
101144,2025-09-30,NG,email,
101914,2025-09-30,NG,paid_social,2026-01-28
101094,2025-09-30,DE,paid_search,
100631,2025-09-30,CA,direct,2026-01-18
100253,2025-09-30,US,email,
100645,2025-09-30,NG,organic,
100076,2025-09-30,NG,paid_social,
101513,2025-09-30,NG,paid_search,
100737,2025-10-01,NG,organic,
100168,2025-10-01,CA,paid_search,2025-09-28
100486,2025-10-01,FR,organic,2025-08-14
101068,2025-10-01,NG,direct,2025-08-05
101904,2025-10-01,NG,organic,
101776,2025-10-01,US,email,
100370,2025-10-01,NG,direct,
100293,2025-10-01,NG,email,
101029,2025-10-01,US,direct,
101493,2025-10-01,NL,paid_search,
101510,2025-10-01,NG,referral,
101159,2025-10-02,NG,paid_search,2025-08-21
101175,2025-10-02,US,referral,2025-08-23
101899,2025-10-02,NG,organic,
101781,2025-10-02,NG,direct,2025-09-19
101141,2025-10-02,NG,referral,
100626,2025-10-02,NG,direct,
100198,2025-10-02,NG,paid_search,2026-01-12
101770,2025-10-02,NG,organic,
101329,2025-10-02,NG,direct,
101973,2025-10-02,NL,direct,
100267,2025-10-03,FR,organic,
101646,2025-10-03,UK,direct,2025-10-08
100196,2025-10-03,NG,referral,2026-01-05
100138,2025-10-03,NG,organic,
101792,2025-10-03,UK,paid_social,
101977,2025-10-03,UK,paid_search,
101356,2025-10-03,NG,direct,
101235,2025-10-03,DE,paid_search,
101710,2025-10-03,FR,organic,
101591,2025-10-03,DE,email,2025-09-12
100990,2025-10-03,NG,direct,
101382,2025-10-03,NG,paid_social,2025-08-04
101406,2025-10-03,US,direct,
101371,2025-10-03,NG,paid_search,2025-12-24
101311,2025-10-04,NG,organic,
101362,2025-10-04,NG,organic,2025-12-10
100978,2025-10-04,UK,email,
101756,2025-10-04,CA,paid_social,2025-12-22
100043,2025-10-05,US,email,2025-10-16
101830,2025-10-05,NG,referral,2025-10-03
100520,2025-10-05,NG,referral,
101684,2025-10-05,NG,direct,
100052,2025-10-06,NG,organic,
100193,2025-10-06,FR,organic,
100764,2025-10-06,NG,paid_search,2025-09-28
101571,2025-10-06,US,direct,2025-10-01
100300,2025-10-06,NG,direct,
101924,2025-10-06,NG,email,
101698,2025-10-06,NG,referral,2025-11-30
100997,2025-10-06,NG,email,
101772,2025-10-06,DE,paid_search,
101926,2025-10-06,US,paid_search,
100200,2025-10-07,US,organic,
101270,2025-10-07,US,direct,
100627,2025-10-07,NG,organic,
101137,2025-10-07,UK,direct,
100629,2025-10-07,NG,paid_search,
100745,2025-10-07,US,organic,2025-10-28
100392,2025-10-07,NG,direct,
101359,2025-10-07,NG,organic,
101051,2025-10-07,NG,organic,
100062,2025-10-07,NG,paid_social,
101856,2025-10-08,US,email,
100331,2025-10-08,NG,paid_social,
100373,2025-10-08,CA,paid_search,
101966,2025-10-08,NG,paid_social,
101150,2025-10-08,US,paid_social,2025-11-03
100908,2025-10-08,CA,referral,2025-10-23
101267,2025-10-08,NG,organic,
101043,2025-10-08,NL,direct,
100497,2025-10-08,US,organic,2025-11-12
101863,2025-10-08,NG,organic,
100021,2025-10-08,UK,organic,
101936,2025-10-08,NG,paid_social,
100575,2025-10-08,NG,paid_social,
100067,2025-10-08,US,paid_search,
100769,2025-10-09,CA,organic,
100633,2025-10-09,US,paid_social,
101944,2025-10-09,NG,referral,2025-08-31
101771,2025-10-09,UK,paid_social,
101717,2025-10-09,FR,referral,2026-01-24
101747,2025-10-09,NG,organic,2025-10-24
100378,2025-10-09,US,email,2025-09-11
100912,2025-10-09,DE,direct,2025-08-03
101467,2025-10-10,US,organic,2025-10-14
101592,2025-10-10,US,organic,2026-01-26
101760,2025-10-10,US,email,2026-01-15
101284,2025-10-10,NG,direct,
101016,2025-10-10,NG,paid_social,2026-01-10
101880,2025-10-10,NG,paid_search,
100187,2025-10-10,FR,direct,
100757,2025-10-10,FR,paid_social,2025-12-03
101158,2025-10-10,NG,email,
100613,2025-10-10,NG,direct,
100093,2025-10-11,NG,direct,
101065,2025-10-11,NL,organic,
101628,2025-10-11,NG,paid_search,2026-01-29
100808,2025-10-11,NG,direct,
101384,2025-10-11,NG,organic,
101920,2025-10-12,FR,paid_social,2026-01-22
101093,2025-10-12,NG,paid_search,
101753,2025-10-12,NG,email,
101351,2025-10-12,CA,paid_search,
100551,2025-10-12,NG,referral,
101172,2025-10-12,NG,direct,
101282,2025-10-12,NG,organic,
101665,2025-10-12,CA,paid_social,
101773,2025-10-12,NG,email,2025-11-24
101693,2025-10-12,FR,direct,
101477,2025-10-12,NG,paid_social,
100956,2025-10-13,US,direct,
101167,2025-10-13,NG,paid_social,
100439,2025-10-13,FR,referral,
101955,2025-10-13,NG,paid_social,2025-08-10
101301,2025-10-13,UK,organic,
101319,2025-10-13,DE,paid_social,
100026,2025-10-14,NL,paid_social,
100686,2025-10-14,NG,paid_social,2025-09-02
100163,2025-10-14,NG,organic,
101865,2025-10-14,NG,paid_search,
101130,2025-10-14,NG,organic,
100584,2025-10-14,US,direct,2025-09-26
100941,2025-10-14,NG,paid_search,
101846,2025-10-14,NG,paid_search,2026-01-12
101687,2025-10-15,US,email,
101834,2025-10-15,US,paid_social,
101874,2025-10-15,NG,email,2025-08-11
101761,2025-10-15,DE,email,
100961,2025-10-15,NG,paid_search,2025-08-24
100495,2025-10-15,US,organic,
101339,2025-10-15,NG,organic,2025-09-11
101494,2025-10-15,DE,paid_social,
100959,2025-10-15,US,paid_social,2025-10-15
100064,2025-10-15,NG,paid_social,
100162,2025-10-15,CA,paid_search,
100906,2025-10-15,NG,organic,2025-08-23
101718,2025-10-15,NG,email,
101251,2025-10-15,UK,paid_search,2025-12-31
100372,2025-10-15,NG,direct,
100143,2025-10-15,CA,paid_search,
101634,2025-10-16,NG,organic,2025-09-16
101484,2025-10-16,CA,direct,
100164,2025-10-16,NG,organic,
101308,2025-10-16,US,direct,
100971,2025-10-16,NL,paid_search,
100623,2025-10-16,NG,organic,
100571,2025-10-16,US,paid_search,
101479,2025-10-16,NL,direct,2025-09-25
101190,2025-10-16,NG,paid_search,
101224,2025-10-16,DE,paid_search,2025-11-03
101078,2025-10-16,NG,paid_search,2025-11-15
100928,2025-10-16,NG,paid_search,2025-12-13
100274,2025-10-16,NG,organic,2025-11-17
100424,2025-10-16,NG,paid_search,
101583,2025-10-16,NG,direct,
100247,2025-10-16,NG,organic,
101042,2025-10-16,US,paid_search,2025-12-26
101887,2025-10-16,NL,organic,
101373,2025-10-17,NG,paid_search,2025-12-03
101184,2025-10-17,NG,direct,
100463,2025-10-17,NG,paid_social,
100776,2025-10-17,UK,organic,
101677,2025-10-17,CA,paid_search,
100731,2025-10-17,NG,direct,2025-09-14
101058,2025-10-18,NG,paid_social,
100499,2025-10-18,US,direct,2025-08-11
100546,2025-10-18,NG,email,
101436,2025-10-18,US,organic,2025-08-03
100953,2025-10-18,FR,organic,
101686,2025-10-18,NG,paid_social,
101840,2025-10-18,UK,direct,
101332,2025-10-18,CA,paid_search,2026-01-16
101443,2025-10-19,NG,direct,
101495,2025-10-19,NG,paid_social,
101152,2025-10-19,UK,email,2025-11-14
101099,2025-10-19,NG,direct,
100406,2025-10-19,NL,email,
100434,2025-10-19,NG,paid_search,2025-10-11
100237,2025-10-19,NG,paid_social,
100620,2025-10-19,NG,organic,2025-10-29
100004,2025-10-19,US,paid_search,
101923,2025-10-19,US,direct,2025-09-24
100794,2025-10-19,DE,referral,
100472,2025-10-19,NG,referral,
101740,2025-10-19,NG,paid_search,2026-01-05
100993,2025-10-19,NG,paid_social,
100154,2025-10-19,NG,paid_search,
100632,2025-10-19,US,referral,
100297,2025-10-20,NG,email,
100139,2025-10-20,US,paid_social,
101038,2025-10-20,US,paid_social,
100120,2025-10-20,US,paid_search,2025-11-04
101991,2025-10-20,CA,direct,
100090,2025-10-20,NG,direct,
100003,2025-10-20,NG,organic,
100081,2025-10-20,DE,paid_search,
100755,2025-10-20,US,paid_social,
101417,2025-10-20,NG,paid_search,2025-10-27
101219,2025-10-20,NG,organic,
100353,2025-10-20,NG,paid_social,2025-11-17
100688,2025-10-21,US,organic,
101262,2025-10-21,NG,paid_social,2025-10-28
100934,2025-10-21,UK,email,
100799,2025-10-21,US,paid_social,
101292,2025-10-21,US,paid_search,
100029,2025-10-21,NG,paid_social,
100284,2025-10-21,NL,paid_search,
101728,2025-10-21,NG,organic,2025-11-01
100218,2025-10-22,US,paid_social,
101318,2025-10-22,NG,direct,2025-11-14
101091,2025-10-22,CA,organic,
100213,2025-10-22,NG,referral,
100185,2025-10-22,CA,paid_search,
101642,2025-10-22,US,email,
101056,2025-10-22,FR,paid_social,
101472,2025-10-22,UK,organic,2026-01-09
101330,2025-10-22,US,paid_search,
100922,2025-10-22,NG,paid_social,
100030,2025-10-22,US,organic,
100266,2025-10-22,NG,paid_search,
101889,2025-10-22,NG,direct,2025-11-23
101372,2025-10-22,NG,email,
101183,2025-10-22,NG,email,2025-11-30
100046,2025-10-22,NG,email,
100019,2025-10-22,NG,paid_social,2025-08-19
100868,2025-10-22,NG,organic,2025-11-17
100882,2025-10-22,NG,organic,
100832,2025-10-23,NG,paid_social,
101367,2025-10-23,NG,referral,
100505,2025-10-23,NG,referral,2025-11-20
101802,2025-10-23,NG,paid_search,
101742,2025-10-23,NG,organic,2025-09-26
100221,2025-10-23,NG,organic,
101565,2025-10-23,NG,organic,
100870,2025-10-23,NG,paid_social,
100536,2025-10-23,UK,paid_social,
100791,2025-10-23,NG,paid_social,
101852,2025-10-23,CA,organic,
101918,2025-10-23,NG,direct,
101457,2025-10-23,NG,referral,
100938,2025-10-24,NG,email,
101212,2025-10-24,DE,email,2025-10-30
100334,2025-10-24,NL,paid_social,
100915,2025-10-24,NG,paid_social,
100175,2025-10-24,UK,paid_search,
100797,2025-10-24,NG,organic,
101554,2025-10-24,NG,paid_social,
101519,2025-10-24,NG,paid_social,2026-01-11
100904,2025-10-24,US,paid_social,
100646,2025-10-24,NG,paid_social,
100113,2025-10-24,NL,organic,2026-01-28
100204,2025-10-24,NG,direct,
101247,2025-10-25,US,paid_search,2025-10-24
100230,2025-10-25,NG,email,
100473,2025-10-25,NG,paid_social,
100611,2025-10-25,UK,paid_social,
101074,2025-10-25,NG,paid_search,2025-09-04
100072,2025-10-25,NG,organic,
100484,2025-10-25,US,organic,
100709,2025-10-25,NG,organic,
100276,2025-10-25,NG,email,2025-08-31
101498,2025-10-25,CA,direct,2025-12-30
101953,2025-10-25,DE,direct,
100053,2025-10-25,NG,organic,
100366,2025-10-26,NG,organic,
101430,2025-10-26,CA,paid_social,
101711,2025-10-26,NG,paid_social,2025-09-20
101801,2025-10-26,NG,paid_search,
100123,2025-10-26,NG,email,
100069,2025-10-26,NG,email,
101696,2025-10-26,CA,paid_social,
101967,2025-10-26,NG,paid_social,2025-12-22
101101,2025-10-26,NG,organic,
100108,2025-10-26,FR,paid_search,
101767,2025-10-26,US,referral,
100518,2025-10-27,NG,referral,2025-12-03
100289,2025-10-27,US,email,
100973,2025-10-27,NG,paid_search,
101419,2025-10-27,NL,email,
101540,2025-10-27,NG,paid_search,2025-12-28
100621,2025-10-27,NG,paid_social,
100972,2025-10-27,UK,referral,
100708,2025-10-27,DE,email,
100075,2025-10-27,NG,direct,
100784,2025-10-27,NG,referral,
101788,2025-10-27,NL,paid_search,
101201,2025-10-27,NL,organic,2026-01-23
101794,2025-10-27,CA,paid_social,
100943,2025-10-27,NG,organic,
101807,2025-10-28,UK,referral,2025-10-28
100767,2025-10-28,NG,paid_social,
101507,2025-10-28,NL,paid_search,
100643,2025-10-28,NG,paid_search,2025-12-10
101100,2025-10-28,UK,paid_social,2025-08-27
100275,2025-10-28,NG,organic,2025-09-29
101931,2025-10-28,NG,organic,
101798,2025-10-28,US,organic,
101145,2025-10-28,NL,paid_social,2026-01-23
101516,2025-10-28,NG,email,2025-12-22
100728,2025-10-29,NG,organic,
100443,2025-10-29,NG,paid_social,
100281,2025-10-29,NG,paid_search,2025-12-22
101030,2025-10-29,NG,email,
100283,2025-10-30,US,paid_search,
100562,2025-10-30,DE,direct,2025-12-12
101491,2025-10-30,NG,direct,
100717,2025-10-30,US,organic,
100251,2025-10-30,NG,referral,
101243,2025-10-30,NG,email,
101017,2025-10-30,NG,email,
101476,2025-10-30,NG,referral,2026-01-31
101119,2025-10-30,NG,email,2025-12-23
101115,2025-10-30,NL,paid_social,
100650,2025-10-30,NG,paid_social,
100234,2025-10-30,NG,paid_search,
101917,2025-10-30,CA,organic,
101548,2025-10-30,NG,organic,
101161,2025-10-31,NG,paid_social,2025-12-02
101518,2025-10-31,NG,organic,
100202,2025-10-31,CA,direct,
100184,2025-10-31,NG,paid_search,
100054,2025-10-31,NG,organic,2025-08-19
101813,2025-10-31,NG,direct,
100182,2025-10-31,NG,email,
100452,2025-10-31,CA,paid_search,2025-08-30
100404,2025-10-31,NG,direct,
101355,2025-10-31,UK,organic,2025-09-20
101352,2025-10-31,NG,organic,2025-08-08
101151,2025-11-01,NG,referral,
100179,2025-11-01,NG,email,
101090,2025-11-01,NG,paid_search,
100555,2025-11-01,UK,organic,
101766,2025-11-01,NG,organic,2025-08-05
100405,2025-11-01,NG,organic,
100628,2025-11-01,NG,organic,
101007,2025-11-01,NG,paid_search,
100875,2025-11-01,UK,paid_social,
100020,2025-11-01,DE,paid_social,
101736,2025-11-01,NG,organic,2025-11-12
101052,2025-11-01,NG,referral,
100158,2025-11-01,NG,direct,
100666,2025-11-01,CA,paid_search,
101378,2025-11-01,NG,direct,2025-09-12
101050,2025-11-02,FR,direct,
100939,2025-11-02,NG,paid_search,
100419,2025-11-02,FR,direct,
101489,2025-11-02,US,referral,2025-12-23
100114,2025-11-02,FR,email,
101216,2025-11-02,NG,organic,
101240,2025-11-02,NG,organic,
101617,2025-11-02,CA,referral,
100444,2025-11-02,NG,direct,2025-09-05
100896,2025-11-02,US,paid_social,2025-08-19
101295,2025-11-03,NG,paid_social,2025-09-27
101459,2025-11-03,NG,organic,
101679,2025-11-03,NG,direct,
100343,2025-11-03,US,paid_search,2026-01-27
101441,2025-11-03,NG,paid_social,
101582,2025-11-03,NG,organic,2026-01-10
101206,2025-11-03,UK,paid_search,
100999,2025-11-03,NG,paid_search,
100802,2025-11-03,NG,paid_social,
100016,2025-11-03,US,direct,
100548,2025-11-03,NG,paid_search,
100607,2025-11-03,NG,paid_social,2025-08-29
101915,2025-11-04,NG,organic,
101685,2025-11-04,UK,paid_social,2025-12-13
100448,2025-11-04,US,paid_social,2025-11-16
101848,2025-11-04,UK,paid_search,
101164,2025-11-04,DE,organic,
100700,2025-11-04,DE,direct,2025-09-29
100295,2025-11-04,NG,direct,2025-09-06
101009,2025-11-04,US,organic,
100365,2025-11-04,NG,paid_social,
100716,2025-11-04,NG,organic,
101014,2025-11-04,NG,referral,2025-08-17
101719,2025-11-04,US,paid_search,
100678,2025-11-05,DE,paid_social,
100892,2025-11-05,US,email,2025-12-31
101310,2025-11-05,FR,referral,
101073,2025-11-05,CA,paid_search,2025-10-08
100711,2025-11-05,NG,organic,2025-09-22
100010,2025-11-05,US,paid_social,
101799,2025-11-05,UK,organic,2025-08-18
100996,2025-11-05,NG,paid_search,
101194,2025-11-05,US,paid_social,
101858,2025-11-05,UK,paid_search,
100577,2025-11-05,CA,paid_social,
101664,2025-11-05,NG,referral,
101956,2025-11-06,NG,direct,2025-08-01
101901,2025-11-06,NL,paid_social,
101163,2025-11-06,NG,paid_social,
101500,2025-11-06,NG,paid_search,
101298,2025-11-06,NG,referral,
101919,2025-11-06,UK,paid_social,2025-11-20
101391,2025-11-06,UK,organic,
101990,2025-11-06,UK,paid_search,
100487,2025-11-06,NG,organic,
101146,2025-11-06,NG,paid_search,
100506,2025-11-06,UK,email,
101957,2025-11-06,NG,paid_social,2025-08-08
100746,2025-11-06,UK,paid_social,
100994,2025-11-06,NG,paid_social,
101900,2025-11-07,NG,email,2025-12-24
101340,2025-11-07,NG,paid_search,2026-01-12
101635,2025-11-07,NG,paid_search,2026-01-28
101921,2025-11-07,NG,paid_search,
100350,2025-11-07,UK,paid_search,
100605,2025-11-07,NG,paid_search,2026-01-03
101668,2025-11-07,US,direct,
100930,2025-11-07,US,referral,
101334,2025-11-07,NG,organic,
101724,2025-11-07,NG,paid_search,2025-11-10
101552,2025-11-07,US,paid_search,2025-08-16
100647,2025-11-07,UK,paid_social,
100655,2025-11-07,NG,paid_search,2026-01-18
100560,2025-11-07,FR,organic,
100876,2025-11-08,NG,paid_search,2025-12-10
101139,2025-11-08,CA,organic,
101379,2025-11-08,US,paid_search,2025-09-22
100288,2025-11-08,NG,paid_search,
100916,2025-11-08,US,email,2025-10-26
100304,2025-11-08,CA,organic,
100538,2025-11-08,CA,paid_search,
101258,2025-11-08,NG,direct,
100926,2025-11-08,NG,referral,2025-10-19
101847,2025-11-08,NG,organic,2025-08-26
100056,2025-11-09,DE,organic,
101576,2025-11-09,US,organic,2025-10-16
100330,2025-11-09,UK,direct,2025-09-18
100294,2025-11-09,NG,email,
100788,2025-11-09,CA,paid_social,
100228,2025-11-09,NL,organic,
100878,2025-11-09,NG,paid_search,
100806,2025-11-09,NG,organic,
100982,2025-11-09,CA,referral,
100028,2025-11-09,UK,organic,2025-09-21
101996,2025-11-10,US,paid_search,2025-12-14
101221,2025-11-10,NG,paid_search,
100761,2025-11-10,NG,paid_social,
100307,2025-11-10,US,paid_search,
100131,2025-11-10,NG,direct,
100654,2025-11-10,NL,paid_social,2025-09-11
100991,2025-11-10,US,email,
101322,2025-11-10,NG,organic,
101839,2025-11-10,NG,paid_search,2026-01-19
101624,2025-11-10,US,paid_search,
101496,2025-11-10,US,email,
101663,2025-11-10,NG,paid_search,
100133,2025-11-11,UK,paid_search,
101128,2025-11-11,NG,organic,
101564,2025-11-11,US,paid_search,
101937,2025-11-11,NG,organic,
100455,2025-11-11,NG,organic,2026-01-01
100157,2025-11-11,NG,paid_search,2025-09-20
101364,2025-11-11,US,organic,
100033,2025-11-11,DE,paid_social,2026-01-13
101974,2025-11-11,NG,referral,
101257,2025-11-11,UK,email,
101002,2025-11-11,NL,direct,2025-12-18
100112,2025-11-11,US,organic,
100754,2025-11-11,NG,email,
100329,2025-11-11,NG,paid_social,
101083,2025-11-11,NG,paid_social,
100078,2025-11-12,US,organic,2025-12-07
101386,2025-11-12,FR,paid_social,
100705,2025-11-12,FR,paid_search,
101411,2025-11-12,FR,paid_search,
101433,2025-11-12,NG,paid_social,2025-09-27
100436,2025-11-13,NG,paid_social,2026-01-02
101028,2025-11-13,NG,email,
100115,2025-11-13,NG,organic,
100979,2025-11-13,NG,organic,
101727,2025-11-13,NG,paid_social,2025-10-05
100130,2025-11-13,FR,email,
101543,2025-11-13,NG,email,2025-12-07
101188,2025-11-13,NG,paid_search,2025-08-02
100125,2025-11-13,US,paid_search,
101671,2025-11-13,NG,paid_social,
101758,2025-11-14,US,paid_search,2026-01-18
101896,2025-11-14,FR,paid_social,2025-10-23
100128,2025-11-14,US,organic,
101764,2025-11-14,NG,email,
101343,2025-11-14,NG,paid_social,
100707,2025-11-14,NG,organic,
100921,2025-11-14,NG,direct,2025-12-19
101454,2025-11-14,US,referral,
100977,2025-11-14,NL,paid_search,
100287,2025-11-14,NG,email,
101630,2025-11-14,NG,paid_social,
100569,2025-11-14,NG,paid_social,
101759,2025-11-15,NG,direct,
101626,2025-11-15,US,organic,2025-10-04
100423,2025-11-15,NG,paid_social,2025-11-29
100534,2025-11-15,NG,organic,2025-12-14
100227,2025-11-15,NG,paid_search,
100265,2025-11-15,CA,paid_social,2025-11-04
100676,2025-11-15,UK,paid_social,2026-01-11
100929,2025-11-15,NG,direct,
100596,2025-11-15,NG,direct,2025-08-23
100241,2025-11-16,NG,referral,2025-11-07
101627,2025-11-16,NG,paid_social,
101117,2025-11-16,NG,direct,
101857,2025-11-16,NG,organic,2026-01-26
101414,2025-11-16,NG,paid_social,
101160,2025-11-16,NG,referral,
101790,2025-11-16,CA,email,
100697,2025-11-17,UK,paid_search,
101395,2025-11-17,FR,email,
101317,2025-11-17,UK,organic,2025-09-05
100965,2025-11-17,NG,paid_search,
100785,2025-11-17,CA,direct,2025-12-06
101832,2025-11-17,NG,organic,
101545,2025-11-17,NG,paid_social,
101155,2025-11-17,CA,paid_search,
100269,2025-11-17,NG,paid_search,
101422,2025-11-17,UK,organic,
100980,2025-11-17,CA,paid_search,2025-12-03
100914,2025-11-17,NG,paid_social,
100547,2025-11-17,UK,direct,
100259,2025-11-17,FR,paid_search,2025-11-05
100984,2025-11-17,US,paid_social,
101504,2025-11-18,NG,paid_search,2025-11-05
101607,2025-11-18,NG,paid_search,
100687,2025-11-18,NG,direct,
101349,2025-11-18,NG,organic,
100454,2025-11-18,NG,direct,
100664,2025-11-18,DE,paid_social,
101653,2025-11-18,UK,paid_search,
100467,2025-11-18,NG,paid_social,2025-12-31
101643,2025-11-18,CA,paid_search,
100519,2025-11-18,NG,organic,
100393,2025-11-19,NG,paid_search,2025-11-22
101047,2025-11-19,NG,paid_social,
100966,2025-11-19,UK,email,2025-11-12
101187,2025-11-19,US,paid_search,2025-11-24
100136,2025-11-19,NG,organic,
100719,2025-11-19,CA,email,
100530,2025-11-19,NG,paid_search,
100493,2025-11-19,UK,organic,2025-09-22
101763,2025-11-19,NG,email,
101579,2025-11-19,NL,paid_search,
101951,2025-11-20,UK,organic,
101180,2025-11-20,UK,organic,
101872,2025-11-20,NG,organic,
101524,2025-11-20,DE,organic,
100192,2025-11-20,DE,referral,
100489,2025-11-20,NG,email,
101567,2025-11-20,NG,paid_search,
100624,2025-11-20,NG,organic,
100849,2025-11-20,UK,paid_social,
100766,2025-11-21,FR,email,
100268,2025-11-21,NG,direct,
101134,2025-11-21,NG,email,
101304,2025-11-21,NG,paid_search,
101661,2025-11-21,NG,direct,2025-10-04
101828,2025-11-21,CA,organic,2026-01-22
100955,2025-11-21,FR,referral,2025-08-16
101757,2025-11-21,US,direct,2026-01-10
100895,2025-11-21,NG,organic,2026-01-10
100986,2025-11-22,NG,paid_social,
101845,2025-11-22,US,paid_social,
101884,2025-11-22,NG,direct,
101553,2025-11-22,NL,organic,
100322,2025-11-22,NG,organic,
100671,2025-11-22,US,organic,
100600,2025-11-22,DE,paid_social,
100899,2025-11-22,NG,paid_search,
100701,2025-11-22,FR,paid_social,2025-10-11
100952,2025-11-22,UK,direct,
101539,2025-11-23,NG,paid_social,
101210,2025-11-23,FR,organic,2025-11-27
101637,2025-11-23,NG,organic,
100342,2025-11-23,NG,paid_search,
101396,2025-11-23,NG,paid_search,
101199,2025-11-23,US,paid_search,2025-10-27
100674,2025-11-23,UK,organic,
100824,2025-11-23,UK,organic,2025-09-08
101289,2025-11-23,NG,organic,
101660,2025-11-23,CA,organic,2025-08-26
101981,2025-11-23,NG,paid_social,2025-10-10
101752,2025-11-24,CA,paid_social,2025-12-06
100995,2025-11-24,UK,paid_search,
100244,2025-11-24,NG,paid_search,
100598,2025-11-24,CA,direct,2025-10-23
100239,2025-11-24,NG,paid_social,2025-12-20
100879,2025-11-24,US,paid_social,
101170,2025-11-24,NG,direct,
100191,2025-11-24,NG,paid_search,2025-11-06
101754,2025-11-24,DE,direct,
100084,2025-11-24,FR,organic,
101416,2025-11-25,NG,referral,
100129,2025-11-25,FR,direct,2025-08-05
101171,2025-11-25,NG,organic,2025-12-09
101466,2025-11-25,CA,paid_search,
100742,2025-11-25,NG,direct,2025-08-29
101110,2025-11-25,NG,paid_social,
101195,2025-11-25,CA,email,
100340,2025-11-25,NG,paid_social,
101369,2025-11-25,NG,email,
100039,2025-11-25,NG,organic,
100474,2025-11-25,NG,referral,2025-12-14
101584,2025-11-25,NG,organic,
100457,2025-11-25,NG,direct,
100957,2025-11-25,NG,direct,
100657,2025-11-25,CA,paid_social,
101127,2025-11-26,NG,email,2025-12-06
100615,2025-11-26,NG,organic,
100919,2025-11-26,NL,email,
101993,2025-11-26,NG,paid_social,2025-11-11
101336,2025-11-26,CA,paid_search,2025-12-17
100098,2025-11-26,CA,paid_social,
101984,2025-11-26,NG,paid_social,
100781,2025-11-26,UK,organic,2026-01-11
101234,2025-11-26,UK,paid_search,
100672,2025-11-26,UK,paid_social,
101067,2025-11-26,FR,organic,
101716,2025-11-27,NG,paid_social,2025-09-08
100568,2025-11-27,NG,organic,
101714,2025-11-27,CA,referral,2025-10-22
100599,2025-11-27,NG,email,
100025,2025-11-27,NG,paid_search,
101254,2025-11-28,NL,organic,2026-01-31
101886,2025-11-28,NG,paid_search,
100933,2025-11-28,CA,paid_search,
100770,2025-11-28,US,direct,2025-09-01
101129,2025-11-28,NG,direct,2025-09-17
100243,2025-11-28,NG,paid_social,
100983,2025-11-28,NG,paid_social,
101088,2025-11-28,UK,paid_search,2025-08-26
101220,2025-11-28,NG,paid_search,
100823,2025-11-28,US,paid_search,
100501,2025-11-28,NL,referral,
101204,2025-11-28,NG,organic,
101980,2025-11-29,US,direct,2025-12-10
100122,2025-11-29,CA,paid_social,2025-08-27
101692,2025-11-29,DE,organic,
100002,2025-11-29,NG,paid_social,
101722,2025-11-29,NG,paid_social,
100985,2025-11-29,NL,paid_search,
101276,2025-11-29,US,paid_social,
100651,2025-11-29,NG,paid_search,2025-10-02
101397,2025-11-29,NG,organic,
101811,2025-11-29,DE,organic,
100841,2025-11-29,US,organic,
101223,2025-11-29,NG,paid_search,
101437,2025-11-29,US,paid_social,2025-09-30
100254,2025-11-30,NG,paid_search,
100729,2025-11-30,NG,organic,2025-10-23
101958,2025-11-30,NG,paid_social,
100371,2025-11-30,NL,paid_search,
100315,2025-11-30,US,paid_search,
101596,2025-11-30,NG,email,
100155,2025-11-30,NG,paid_social,2025-11-03
100445,2025-11-30,US,paid_social,
100818,2025-12-01,NG,organic,
100821,2025-12-01,NG,organic,
100478,2025-12-01,NG,direct,2025-09-28
100107,2025-12-01,NG,organic,
100310,2025-12-01,NG,direct,2025-08-28
100121,2025-12-01,NG,paid_social,2025-10-19
101048,2025-12-01,NG,paid_social,
100161,2025-12-01,US,direct,2025-11-12
101647,2025-12-01,UK,paid_search,
100236,2025-12-01,NG,direct,2025-10-04
100311,2025-12-02,NL,direct,2026-01-05
100735,2025-12-02,UK,direct,
101426,2025-12-02,NG,paid_search,
101612,2025-12-02,NG,organic,
101812,2025-12-02,US,email,
101131,2025-12-02,UK,organic,
101305,2025-12-02,NG,paid_search,2025-09-17
100282,2025-12-02,NG,paid_social,2026-01-22
100858,2025-12-02,NG,organic,
100640,2025-12-02,UK,paid_social,2025-12-20
100079,2025-12-02,NG,paid_social,
100710,2025-12-03,UK,direct,2025-12-15
100415,2025-12-03,UK,paid_social,
101070,2025-12-03,CA,paid_social,2025-10-12
101297,2025-12-03,NG,referral,
101273,2025-12-03,CA,direct,
101326,2025-12-03,NG,paid_search,
101328,2025-12-03,US,organic,2025-09-05
101667,2025-12-03,NG,paid_social,
100256,2025-12-03,UK,paid_search,
101423,2025-12-03,NG,paid_social,
100048,2025-12-03,CA,direct,
100826,2025-12-04,NG,paid_social,2026-01-09
101695,2025-12-04,NG,organic,2026-01-22
101509,2025-12-04,US,paid_social,2025-11-10
100097,2025-12-04,CA,paid_social,2025-08-23
100190,2025-12-04,NG,paid_search,2026-01-01
101779,2025-12-04,NG,organic,2025-11-17
100812,2025-12-04,UK,referral,
101972,2025-12-04,NG,paid_social,
101702,2025-12-04,NG,paid_social,
100549,2025-12-04,NG,direct,2025-09-05
100059,2025-12-04,UK,paid_social,2025-08-31
100635,2025-12-05,NG,paid_search,
100586,2025-12-05,NG,paid_social,2025-11-28
101148,2025-12-05,UK,email,
100614,2025-12-05,CA,organic,
101546,2025-12-05,NL,direct,
100074,2025-12-05,CA,direct,2025-08-17
100787,2025-12-05,US,paid_search,
101061,2025-12-05,NG,organic,2025-08-05
100940,2025-12-06,NG,paid_search,
100421,2025-12-06,NG,paid_social,
100665,2025-12-06,CA,paid_social,
101613,2025-12-06,UK,email,
101182,2025-12-06,CA,organic,
101471,2025-12-07,CA,paid_social,2025-10-09
100174,2025-12-07,NG,organic,
101302,2025-12-07,NG,direct,
100865,2025-12-07,CA,paid_social,
100874,2025-12-07,DE,direct,2025-10-11
101732,2025-12-07,US,paid_social,2026-01-24
100085,2025-12-07,UK,paid_social,
100203,2025-12-07,UK,organic,2025-09-30
101347,2025-12-07,CA,direct,2025-12-17
100007,2025-12-07,NG,paid_search,2025-11-05
100931,2025-12-07,US,referral,
100183,2025-12-07,NG,paid_search,2025-10-15
100042,2025-12-07,US,organic,
101040,2025-12-08,NG,email,2025-10-09
101063,2025-12-08,NG,referral,
100981,2025-12-08,NG,email,
101594,2025-12-08,NG,paid_search,2025-09-06
101193,2025-12-08,NG,organic,
101538,2025-12-08,NG,paid_search,
100222,2025-12-08,DE,organic,
100109,2025-12-08,NG,direct,
100891,2025-12-09,UK,organic,
100540,2025-12-09,CA,direct,
101893,2025-12-09,US,paid_social,
100905,2025-12-09,NG,organic,
101044,2025-12-09,FR,email,
101076,2025-12-09,FR,organic,2026-01-31
101599,2025-12-09,NL,paid_social,
101521,2025-12-09,US,paid_social,
101316,2025-12-09,NG,direct,
101196,2025-12-10,NG,paid_search,
100429,2025-12-10,NG,organic,2025-11-24
100211,2025-12-10,CA,organic,2025-09-01
100176,2025-12-10,NG,direct,
101275,2025-12-10,NG,paid_search,
100696,2025-12-11,NG,paid_social,
100726,2025-12-11,NG,direct,
101749,2025-12-11,NG,paid_search,
100792,2025-12-11,NG,paid_search,
101674,2025-12-11,US,organic,
101902,2025-12-11,NG,paid_search,
100773,2025-12-11,DE,organic,
100014,2025-12-11,NG,paid_social,
100224,2025-12-11,NG,paid_search,2025-09-08
101207,2025-12-11,NG,paid_search,2025-08-21
100235,2025-12-11,NG,paid_search,
101640,2025-12-11,UK,paid_search,
101331,2025-12-11,NG,direct,2025-09-27
100173,2025-12-11,UK,direct,2025-09-26
100394,2025-12-11,CA,organic,
101669,2025-12-12,NG,paid_social,
100317,2025-12-12,NG,paid_search,
101136,2025-12-12,NG,email,
101784,2025-12-12,NG,direct,
101118,2025-12-12,NG,paid_social,
101597,2025-12-12,NG,paid_search,
100680,2025-12-12,UK,organic,
100675,2025-12-12,NL,direct,
101878,2025-12-12,NG,paid_social,
100712,2025-12-12,FR,direct,
100460,2025-12-12,UK,email,
101008,2025-12-13,NG,paid_search,2025-10-23
100759,2025-12-13,NL,paid_search,2026-01-12
101217,2025-12-13,NL,paid_search,2025-09-19
100316,2025-12-13,US,organic,2025-10-26
100730,2025-12-13,NL,direct,
101723,2025-12-13,NG,organic,
100736,2025-12-13,DE,paid_social,2025-09-20
101032,2025-12-13,NG,organic,
101713,2025-12-13,NG,direct,2025-12-20
101348,2025-12-14,NG,email,
100756,2025-12-14,NG,paid_social,2025-11-30
100214,2025-12-14,NG,paid_search,2025-10-06
100738,2025-12-14,NG,organic,
100556,2025-12-14,NL,email,
101572,2025-12-14,UK,paid_search,
101859,2025-12-14,NG,paid_social,2025-12-06
101001,2025-12-14,NG,paid_social,
100602,2025-12-14,US,email,
100431,2025-12-14,US,referral,2026-01-23
100885,2025-12-14,NG,paid_search,2026-01-20
100630,2025-12-14,NG,paid_search,2025-09-18
100012,2025-12-14,NG,organic,2025-08-19
101590,2025-12-14,UK,paid_social,2025-12-09
100661,2025-12-14,US,direct,2025-12-02
100376,2025-12-14,US,paid_search,
101231,2025-12-14,US,paid_search,
100470,2025-12-14,NL,email,
100804,2025-12-14,US,paid_search,
101601,2025-12-14,US,direct,2026-01-16
101965,2025-12-15,NG,paid_search,
101512,2025-12-15,NG,direct,
100058,2025-12-15,NG,paid_search,
101721,2025-12-15,CA,referral,2025-11-15
101844,2025-12-15,NG,paid_social,
101741,2025-12-15,CA,paid_social,
101860,2025-12-15,NG,email,
101280,2025-12-15,NG,paid_search,
101393,2025-12-15,NG,organic,2025-11-09
101448,2025-12-15,US,referral,
101035,2025-12-15,UK,paid_social,
101281,2025-12-15,NG,paid_social,
101138,2025-12-15,UK,organic,
100377,2025-12-16,DE,direct,
100390,2025-12-16,NL,paid_search,
100894,2025-12-16,NG,direct,2026-01-01
100877,2025-12-16,NG,direct,
100511,2025-12-16,NG,organic,
101898,2025-12-16,US,direct,
100359,2025-12-16,NG,organic,
100462,2025-12-16,NG,paid_search,
100061,2025-12-16,US,email,2025-08-03
101233,2025-12-16,NL,organic,2025-08-04
101064,2025-12-17,NG,paid_search,
100492,2025-12-17,US,direct,
101377,2025-12-17,US,paid_search,
101666,2025-12-17,DE,organic,2025-09-30
101097,2025-12-17,NG,organic,
101789,2025-12-17,NG,organic,2025-11-22
101994,2025-12-17,US,referral,
101983,2025-12-17,US,paid_search,2025-11-23
101300,2025-12-18,NL,email,
100050,2025-12-18,US,direct,
100041,2025-12-18,US,direct,
101867,2025-12-18,US,paid_social,2025-11-26
101072,2025-12-18,NG,paid_social,
100246,2025-12-18,US,paid_social,
100233,2025-12-18,US,paid_search,
101673,2025-12-18,NG,paid_social,2025-11-15
100422,2025-12-19,NG,organic,
100013,2025-12-19,NL,organic,
101203,2025-12-19,NG,organic,
100741,2025-12-19,NG,paid_search,2025-10-10
100488,2025-12-19,DE,paid_search,2025-09-23
100656,2025-12-19,NG,paid_search,
101670,2025-12-19,US,paid_search,
101133,2025-12-19,NL,email,2025-10-02
101821,2025-12-19,US,paid_social,2025-08-22
100127,2025-12-19,US,paid_search,
100713,2025-12-19,DE,organic,
100206,2025-12-19,US,paid_search,2026-01-13
101274,2025-12-19,CA,paid_search,
101147,2025-12-20,FR,organic,
100088,2025-12-20,NG,referral,2025-11-24
100910,2025-12-20,NG,email,2025-11-13
101060,2025-12-20,NL,direct,
100644,2025-12-20,NG,paid_search,2026-01-04
100172,2025-12-20,NG,organic,2025-09-03
101774,2025-12-20,UK,paid_search,
100319,2025-12-20,CA,paid_social,
100835,2025-12-21,NG,email,
101690,2025-12-21,NL,email,
100733,2025-12-21,NG,referral,2026-01-31
101057,2025-12-21,NG,direct,
101277,2025-12-21,NG,direct,
101338,2025-12-21,US,email,2025-11-16
101557,2025-12-21,NG,organic,2025-11-11
101610,2025-12-21,DE,direct,
100863,2025-12-21,NG,paid_social,
101869,2025-12-21,NG,organic,
100001,2025-12-21,NG,referral,
101824,2025-12-21,FR,paid_social,
100369,2025-12-21,NG,email,
101440,2025-12-22,FR,paid_search,
101312,2025-12-22,NG,paid_social,
100049,2025-12-22,NG,paid_social,
100209,2025-12-22,NG,paid_search,2025-10-31
100597,2025-12-22,NG,direct,
100765,2025-12-22,NG,organic,
100805,2025-12-22,US,paid_search,
100814,2025-12-22,CA,email,
101730,2025-12-22,NG,paid_social,
100024,2025-12-22,US,paid_social,
101241,2025-12-22,NG,organic,
101211,2025-12-22,NG,paid_social,
100111,2025-12-22,NG,paid_social,
101497,2025-12-22,NG,email,2026-01-27
100401,2025-12-22,NG,organic,
100601,2025-12-22,NG,paid_search,2025-08-29
101468,2025-12-22,US,direct,2026-01-15
101913,2025-12-22,US,direct,
100106,2025-12-22,NG,paid_social,
100475,2025-12-23,NG,email,2025-10-22
100159,2025-12-23,UK,paid_social,2025-08-11
100105,2025-12-23,UK,organic,
100689,2025-12-23,NG,paid_social,
100015,2025-12-23,NG,organic,
100248,2025-12-23,DE,direct,
101725,2025-12-23,UK,paid_social,
100917,2025-12-23,UK,referral,
101415,2025-12-23,NG,organic,
100954,2025-12-23,DE,paid_search,
100612,2025-12-23,UK,organic,
100989,2025-12-23,NG,direct,
101429,2025-12-23,UK,paid_search,
100277,2025-12-23,NG,referral,
100724,2025-12-23,NG,organic,2025-10-09
101413,2025-12-24,NG,paid_search,
100558,2025-12-24,US,organic,
100212,2025-12-24,US,organic,
101460,2025-12-24,DE,email,
100638,2025-12-24,NG,organic,
100134,2025-12-25,FR,organic,2025-08-19
100104,2025-12-25,NG,organic,
101253,2025-12-25,US,referral,
101132,2025-12-25,FR,email,2025-11-18
100744,2025-12-25,UK,paid_search,
101616,2025-12-25,NG,paid_search,2026-01-24
101735,2025-12-25,NG,organic,
100260,2025-12-25,NG,paid_search,
101985,2025-12-25,NG,paid_social,2025-08-17
100070,2025-12-25,DE,paid_search,2025-09-27
100691,2025-12-25,DE,organic,2025-09-04
101683,2025-12-25,US,organic,
100483,2025-12-25,NG,referral,
101979,2025-12-25,DE,direct,
101011,2025-12-26,NG,paid_search,
100427,2025-12-26,NG,direct,
100851,2025-12-26,DE,paid_social,2025-12-14
101198,2025-12-26,NG,paid_search,2025-08-02
100859,2025-12-26,NG,paid_search,
101086,2025-12-26,NG,referral,
100715,2025-12-26,UK,organic,
100685,2025-12-26,NG,paid_search,2025-10-06
100595,2025-12-26,US,direct,
100590,2025-12-26,NG,organic,
101283,2025-12-26,UK,paid_search,
101577,2025-12-26,CA,paid_search,2025-08-03
100550,2025-12-26,NG,direct,
101259,2025-12-26,NG,paid_social,2026-01-13
100471,2025-12-27,NG,email,
101333,2025-12-27,NG,email,2025-12-29
100290,2025-12-27,NG,paid_social,2025-12-23
100836,2025-12-27,NG,organic,
100091,2025-12-27,US,direct,2025-12-23
101000,2025-12-27,CA,organic,2025-12-19
100102,2025-12-27,UK,direct,2025-12-22
100653,2025-12-27,NG,paid_search,
101748,2025-12-27,NG,direct,
101218,2025-12-27,NL,direct,
100226,2025-12-27,NG,organic,
100335,2025-12-27,CA,paid_social,
100165,2025-12-28,CA,organic,
101573,2025-12-28,CA,paid_social,
101425,2025-12-28,UK,paid_social,
100884,2025-12-28,NG,direct,
100513,2025-12-29,UK,direct,
101963,2025-12-29,US,paid_social,
101964,2025-12-29,NG,paid_social,
101534,2025-12-29,NL,email,2025-09-28
100866,2025-12-29,NL,referral,
100848,2025-12-29,NG,paid_social,
101842,2025-12-29,NG,paid_social,2026-01-22
100740,2025-12-29,NG,paid_search,
101586,2025-12-30,NG,email,2025-10-16
100604,2025-12-30,NG,direct,2025-11-01
100027,2025-12-30,NG,direct,
101922,2025-12-30,NG,paid_social,
101602,2025-12-30,NG,direct,
101263,2025-12-30,NG,organic,
100523,2025-12-30,UK,paid_social,
100148,2025-12-30,NG,direct,
100432,2025-12-30,NG,direct,
100793,2025-12-30,US,paid_search,2025-12-01
101230,2025-12-30,NG,direct,
101024,2025-12-30,NG,organic,
100544,2025-12-31,NG,paid_social,
101970,2025-12-31,NG,organic,
100552,2025-12-31,NG,paid_social,
100387,2025-12-31,NG,direct,2025-11-02
100481,2025-12-31,NG,organic,
100037,2025-12-31,NG,paid_search,
101039,2025-12-31,UK,organic,2026-01-14
101986,2025-12-31,NG,organic,
100301,2025-12-31,US,paid_social,
100333,2025-12-31,NL,paid_social,
100581,2026-01-01,NG,organic,
100100,2026-01-01,NG,direct,
101096,2026-01-01,NG,referral,
101864,2026-01-01,NG,organic,2025-10-25
100815,2026-01-01,NG,paid_social,
100083,2026-01-01,CA,organic,
100610,2026-01-01,NG,organic,
101079,2026-01-01,NG,email,
101649,2026-01-01,CA,email,2025-09-08
101932,2026-01-01,US,organic,2025-08-13
100089,2026-01-01,NG,direct,
101085,2026-01-02,NG,direct,
101023,2026-01-02,NG,direct,
100458,2026-01-02,NL,paid_search,2025-09-29
100867,2026-01-02,NG,paid_social,
100512,2026-01-02,US,direct,
100588,2026-01-02,NG,organic,
101499,2026-01-02,NG,organic,2025-11-05
101658,2026-01-02,NG,referral,
100018,2026-01-02,NG,paid_social,
101960,2026-01-02,UK,paid_search,
100962,2026-01-02,US,organic,
101968,2026-01-02,US,paid_search,2026-01-09
101124,2026-01-02,NG,direct,
101015,2026-01-02,NG,referral,
100092,2026-01-02,NG,direct,
100360,2026-01-03,US,paid_social,
101656,2026-01-03,NG,direct,
100589,2026-01-03,NG,paid_social,
100722,2026-01-03,UK,direct,
101883,2026-01-03,NG,paid_social,
100774,2026-01-03,US,organic,2025-08-31
101092,2026-01-03,US,organic,
101598,2026-01-03,NL,paid_social,
100476,2026-01-03,NG,organic,2025-10-18
100864,2026-01-03,US,direct,2025-09-17
101143,2026-01-03,CA,paid_social,2025-08-14
101125,2026-01-03,NG,paid_search,2025-08-08
101843,2026-01-03,NG,email,
100855,2026-01-04,FR,paid_search,
101855,2026-01-04,NL,direct,
100881,2026-01-04,US,direct,
101862,2026-01-04,NG,paid_social,
101895,2026-01-04,NG,email,2025-12-25
100649,2026-01-04,CA,direct,2026-01-21
101006,2026-01-04,NG,email,
100779,2026-01-04,NG,direct,2025-09-15
100559,2026-01-04,CA,email,
101464,2026-01-04,NG,paid_search,
101162,2026-01-04,NG,direct,2025-08-24
101157,2026-01-04,NG,paid_search,2025-12-08
101149,2026-01-04,NG,paid_social,2025-11-28
101547,2026-01-04,NG,paid_social,
100296,2026-01-04,NG,organic,
101309,2026-01-04,DE,organic,
100150,2026-01-05,NG,paid_search,
100609,2026-01-05,NG,paid_social,2025-08-21
100124,2026-01-05,NG,paid_search,
101400,2026-01-05,US,organic,
101346,2026-01-05,CA,organic,
100036,2026-01-05,NG,organic,2026-01-25
101551,2026-01-05,NG,organic,2025-10-17
101313,2026-01-05,NG,organic,2026-01-13
101559,2026-01-05,NG,organic,2025-11-20
100005,2026-01-05,NG,organic,
100642,2026-01-05,NG,organic,
100231,2026-01-05,US,paid_search,
101126,2026-01-05,NG,email,
101041,2026-01-05,UK,organic,
100834,2026-01-05,NG,paid_social,
100145,2026-01-05,NG,organic,2025-08-07
101291,2026-01-05,UK,paid_search,2025-08-18
101588,2026-01-06,NG,organic,
101246,2026-01-06,NG,direct,
100828,2026-01-06,NL,direct,
100667,2026-01-06,NG,paid_search,2025-08-24
101734,2026-01-06,NG,direct,2025-08-02
101705,2026-01-06,NG,paid_social,
101485,2026-01-06,NG,paid_social,2025-10-02
101520,2026-01-06,NG,paid_search,
101418,2026-01-06,NG,paid_search,
101508,2026-01-06,NG,organic,
100491,2026-01-07,CA,paid_search,
101213,2026-01-07,NG,paid_search,
100426,2026-01-07,NG,paid_search,2025-08-25
101279,2026-01-07,US,organic,2025-11-23
101733,2026-01-07,NG,paid_social,2025-10-12
101022,2026-01-07,NG,paid_social,
100503,2026-01-07,NG,organic,2025-10-31
101324,2026-01-07,NG,paid_search,
101657,2026-01-08,US,paid_search,
100920,2026-01-08,NG,paid_search,2025-10-17
101897,2026-01-08,NG,email,2025-12-22
100395,2026-01-08,NG,direct,
101407,2026-01-08,NG,paid_social,2025-10-31
101942,2026-01-08,CA,referral,2025-09-27
100780,2026-01-09,NG,paid_search,
100557,2026-01-09,NG,direct,
101712,2026-01-09,NG,organic,2025-11-12
101244,2026-01-09,NG,organic,
101892,2026-01-09,US,email,
100811,2026-01-09,NG,paid_search,2025-12-12
101633,2026-01-09,US,paid_social,
101823,2026-01-09,NL,organic,
101200,2026-01-09,NG,paid_search,
101715,2026-01-09,NG,paid_search,
101814,2026-01-10,NG,email,2026-01-09
100516,2026-01-10,NG,organic,
101370,2026-01-10,NG,paid_social,2026-01-24
101140,2026-01-10,DE,paid_social,
100903,2026-01-10,NG,referral,2025-08-16
101791,2026-01-10,NG,paid_search,2025-09-04
100564,2026-01-11,UK,direct,
101003,2026-01-11,US,paid_social,2025-11-19
100361,2026-01-11,NG,paid_social,
101323,2026-01-11,NG,paid_search,2025-11-08
101605,2026-01-11,NG,paid_social,
101388,2026-01-11,UK,organic,
101751,2026-01-11,UK,referral,2025-12-28
100034,2026-01-11,NG,direct,
101691,2026-01-11,NG,paid_social,2025-08-23
101374,2026-01-11,NG,referral,
100374,2026-01-11,FR,email,
101911,2026-01-11,NG,email,
100303,2026-01-12,NG,direct,
101556,2026-01-12,NG,organic,
100363,2026-01-12,NG,referral,
100578,2026-01-12,FR,organic,
101303,2026-01-12,NG,paid_social,2025-12-30
100047,2026-01-12,UK,organic,
101877,2026-01-12,NG,organic,
100357,2026-01-12,NG,email,
100388,2026-01-12,DE,email,2026-01-24
101631,2026-01-13,NG,email,
100178,2026-01-13,NG,paid_search,
101470,2026-01-13,NG,direct,
101825,2026-01-13,UK,paid_social,
100827,2026-01-13,NG,paid_social,
100739,2026-01-13,UK,email,
100094,2026-01-13,US,email,
101383,2026-01-13,NG,email,2026-01-07
101314,2026-01-14,NG,paid_search,2025-09-03
101205,2026-01-14,US,organic,
100066,2026-01-14,NG,paid_social,
101427,2026-01-14,US,paid_search,
100591,2026-01-14,NG,paid_social,
100219,2026-01-14,NG,paid_social,
101731,2026-01-14,NG,direct,
101036,2026-01-14,NL,paid_social,
100344,2026-01-14,FR,email,
101107,2026-01-14,FR,organic,
101568,2026-01-15,US,referral,
101286,2026-01-15,DE,direct,2025-09-26
101389,2026-01-15,NG,referral,
100201,2026-01-15,US,direct,
100839,2026-01-15,UK,paid_social,2025-08-30
100842,2026-01-15,NG,organic,
101153,2026-01-15,UK,email,
101707,2026-01-15,NG,email,
100152,2026-01-16,NG,paid_social,2025-12-30
101950,2026-01-16,NG,paid_social,
100528,2026-01-16,NG,organic,
101947,2026-01-16,UK,organic,
101506,2026-01-16,NL,paid_social,
100641,2026-01-16,NG,paid_search,
100803,2026-01-16,US,paid_search,
101353,2026-01-16,NG,paid_search,
100323,2026-01-16,UK,organic,
101169,2026-01-16,NG,email,
100942,2026-01-16,NG,paid_search,
101971,2026-01-17,US,paid_search,2025-09-10
101080,2026-01-17,NG,paid_social,
101704,2026-01-17,UK,paid_search,2025-11-07
100060,2026-01-17,NL,referral,
100714,2026-01-17,NG,direct,
100968,2026-01-17,NG,email,2025-09-11
100668,2026-01-17,NG,paid_social,
101005,2026-01-17,DE,paid_search,
100732,2026-01-17,UK,referral,
100529,2026-01-17,NG,email,
101102,2026-01-17,CA,referral,
101529,2026-01-17,US,referral,2026-01-16
101563,2026-01-17,NG,organic,
100526,2026-01-17,NG,paid_search,2026-01-06
101989,2026-01-17,US,paid_search,
100437,2026-01-18,NG,paid_social,
100576,2026-01-18,UK,organic,
100263,2026-01-18,NL,email,
100498,2026-01-18,NG,paid_social,
100451,2026-01-18,US,referral,
101181,2026-01-18,NL,paid_search,
101261,2026-01-18,FR,direct,2025-11-02
100420,2026-01-18,UK,direct,
100861,2026-01-18,FR,paid_search,
101066,2026-01-18,NG,paid_social,2026-01-30
101678,2026-01-18,UK,paid_search,2025-10-20
100023,2026-01-18,NG,referral,
101622,2026-01-18,NG,organic,
100585,2026-01-18,NL,organic,2025-08-12
101442,2026-01-19,NG,direct,
100721,2026-01-19,NG,email,
100692,2026-01-19,NG,paid_search,2025-12-18
101750,2026-01-19,NG,paid_search,
101272,2026-01-19,UK,organic,
100408,2026-01-19,CA,email,2026-01-04
101532,2026-01-19,US,organic,
100490,2026-01-19,NG,referral,
100469,2026-01-19,NG,direct,
101515,2026-01-19,CA,paid_social,
101976,2026-01-19,US,email,
101142,2026-01-19,UK,paid_search,
100285,2026-01-20,NL,organic,
100347,2026-01-20,NG,referral,2025-12-17
101446,2026-01-20,NG,paid_social,
100180,2026-01-20,UK,direct,
100763,2026-01-20,NG,paid_social,
100679,2026-01-20,NG,paid_search,2025-11-01
101688,2026-01-20,NG,direct,
101909,2026-01-20,US,paid_search,
101765,2026-01-20,NL,paid_social,2025-09-20
100318,2026-01-20,UK,paid_search,2025-11-16
100753,2026-01-20,CA,organic,2025-08-06
100381,2026-01-20,NG,direct,
101108,2026-01-21,NG,direct,2025-09-21
101680,2026-01-21,CA,direct,
100935,2026-01-21,NG,paid_social,2025-11-14
100080,2026-01-21,NG,paid_social,
101873,2026-01-21,NG,referral,
101836,2026-01-21,US,paid_search,2025-08-12
100964,2026-01-22,UK,paid_social,2025-12-21
100693,2026-01-22,UK,referral,
100639,2026-01-22,UK,referral,2025-10-26
101420,2026-01-22,NG,paid_social,2025-08-12
101726,2026-01-22,UK,organic,
100570,2026-01-22,NG,organic,
100925,2026-01-22,NG,referral,
100382,2026-01-22,NG,direct,
100762,2026-01-22,NG,paid_search,
100948,2026-01-22,NG,direct,
101439,2026-01-23,UK,paid_social,
100670,2026-01-23,NG,paid_social,
101929,2026-01-23,US,paid_social,2025-10-21
100447,2026-01-23,NG,organic,2025-10-16
101831,2026-01-23,NG,paid_social,2025-10-27
101783,2026-01-23,NG,referral,2025-11-30
100775,2026-01-23,NG,email,2025-09-02
101268,2026-01-23,UK,organic,
100292,2026-01-23,US,referral,2025-08-24
100339,2026-01-23,NG,referral,
101933,2026-01-23,DE,paid_social,2025-11-25
101294,2026-01-23,NG,organic,
100682,2026-01-24,UK,email,2025-12-23
100514,2026-01-24,DE,direct,2025-08-15
100683,2026-01-24,NG,email,
101053,2026-01-24,CA,email,2026-01-06
100648,2026-01-24,DE,paid_social,
100998,2026-01-24,CA,paid_social,
101375,2026-01-24,NG,paid_search,
101222,2026-01-24,NG,paid_social,
100273,2026-01-24,US,organic,
101809,2026-01-24,NG,referral,2025-09-12
101699,2026-01-24,DE,organic,
100450,2026-01-24,CA,organic,
100194,2026-01-24,DE,organic,2025-11-20
100199,2026-01-24,UK,direct,
101082,2026-01-24,US,organic,
101447,2026-01-24,NG,email,2026-01-09
100750,2026-01-24,US,paid_search,2026-01-14
101938,2026-01-24,NG,organic,
100465,2026-01-25,US,organic,
101242,2026-01-25,NG,email,
101368,2026-01-25,NG,paid_search,
100608,2026-01-25,NG,paid_search,2025-08-04
101209,2026-01-25,NG,paid_search,
100336,2026-01-25,NG,referral,
100852,2026-01-25,NG,paid_social,
101376,2026-01-25,DE,organic,2025-09-08
100502,2026-01-25,NG,paid_search,
100207,2026-01-26,NG,paid_search,2025-10-24
101954,2026-01-26,NG,paid_social,
100354,2026-01-26,DE,email,
100860,2026-01-26,US,email,
100796,2026-01-26,US,organic,
100063,2026-01-26,US,direct,
100416,2026-01-26,NG,organic,
101225,2026-01-26,NG,direct,2025-12-11
101566,2026-01-26,NG,organic,2025-09-01
100403,2026-01-26,NG,direct,
100958,2026-01-26,CA,paid_search,
101232,2026-01-26,NG,organic,
100045,2026-01-26,NG,direct,
101474,2026-01-27,NG,email,
101249,2026-01-27,NG,organic,2025-08-18
101648,2026-01-27,US,paid_social,
100011,2026-01-27,US,direct,
100324,2026-01-27,NG,organic,
100946,2026-01-27,NG,paid_search,
101796,2026-01-27,US,paid_search,
100440,2026-01-27,NG,paid_social,
100593,2026-01-28,NG,paid_search,
101675,2026-01-28,NG,paid_search,2025-11-02
101745,2026-01-28,UK,paid_search,2025-08-25
100140,2026-01-28,NG,paid_social,
101380,2026-01-28,CA,referral,2025-10-20
100893,2026-01-28,NG,referral,
101829,2026-01-28,UK,direct,
101706,2026-01-28,DE,paid_search,2025-10-27
100913,2026-01-28,NG,paid_social,
100850,2026-01-28,NG,email,
101197,2026-01-28,NG,direct,
101827,2026-01-29,NG,paid_social,2025-11-25
100554,2026-01-29,NG,paid_social,
101456,2026-01-29,US,paid_search,
101227,2026-01-29,NG,paid_search,
101202,2026-01-29,DE,paid_search,2025-09-15
101245,2026-01-29,NG,paid_social,
101961,2026-01-29,NL,paid_search,
101392,2026-01-29,NG,email,
100771,2026-01-29,UK,direct,2025-08-20
101569,2026-01-29,FR,referral,2026-01-27
101746,2026-01-29,NG,email,
101081,2026-01-30,NG,paid_social,
101997,2026-01-30,NG,email,
101087,2026-01-30,NG,organic,
101625,2026-01-30,NG,organic,2026-01-10
100144,2026-01-30,NG,organic,
101619,2026-01-30,DE,email,2026-01-01
100346,2026-01-30,NG,organic,
100264,2026-01-30,US,paid_social,
100355,2026-01-30,NG,paid_social,
100809,2026-01-31,NG,organic,2025-10-13
101116,2026-01-31,NG,referral,
101558,2026-01-31,NG,paid_search,
101168,2026-01-31,NG,referral,
101335,2026-01-31,US,paid_search,
100819,2026-01-31,US,organic,
100690,2026-01-31,UK,paid_search,
101055,2026-01-31,NG,organic,2026-01-24
101421,2026-01-31,NG,paid_search,
101345,2026-01-31,NG,direct,2025-11-19
100160,2026-01-31,NG,direct,2025-12-13
100400,2026-01-31,NG,paid_search,
100510,2026-01-31,NG,direct,2025-11-22
